Country Name,Country Code,Series Name,Series Code,2023 [YR2023]
"Afghanistan,AFG,""Unemployment, total (% of total labor force) (modeled ILO estimate)"",SL.UEM.TOTL.ZS,13.991"
"Afghanistan,AFG,""Unemployment, total (% of total labor force) (national estimate)"",SL.UEM.TOTL.NE.ZS,.."
"Albania,ALB,""Unemployment, total (% of total labor force) (modeled ILO estimate)"",SL.UEM.TOTL.ZS,10.108"
"Albania,ALB,""Unemployment, total (% of total labor force) (national estimate)"",SL.UEM.TOTL.NE.ZS,10.669"
"Algeria,DZA,""Unemployment, total (% of total labor force) (modeled ILO estimate)"",SL.UEM.TOTL.ZS,11.701"
"Algeria,DZA,""Unemployment, total (% of total labor force) (national estimate)"",SL.UEM.TOTL.NE.ZS,.."
"American Samoa,ASM,""Unemployment, total (% of total labor force) (modeled ILO estimate)"",SL.UEM.TOTL.ZS,.."
"American Samoa,ASM,""Unemployment, total (% of total labor force) (national estimate)"",SL.UEM.TOTL.NE.ZS,.."
"Andorra,AND,""Unemployment, total (% of total labor force) (modeled ILO estimate)"",SL.UEM.TOTL.ZS,.."
"Andorra,AND,""Unemployment, total (% of total labor force) (national estimate)"",SL.UEM.TOTL.NE.ZS,.."
"Angola,AGO,""Unemployment, total (% of total labor force) (modeled ILO estimate)"",SL.UEM.TOTL.ZS,14.537"
"Angola,AGO,""Unemployment, total (% of total labor force) (national estimate)"",SL.UEM.TOTL.NE.ZS,.."
"Antigua and Barbuda,ATG,""Unemployment, total (% of total labor force) (modeled ILO estimate)"",SL.UEM.TOTL.ZS,.."
"Antigua and Barbuda,ATG,""Unemployment, total (% of total labor force) (national estimate)"",SL.UEM.TOTL.NE.ZS,.."
"Argentina,ARG,""Unemployment, total (% of total labor force) (modeled ILO estimate)"",SL.UEM.TOTL.ZS,6.139"
"Argentina,ARG,""Unemployment, total (% of total labor force) (national estimate)"",SL.UEM.TOTL.NE.ZS,6.139"
"Armenia,ARM,""Unemployment, total (% of total labor force) (modeled ILO estimate)"",SL.UEM.TOTL.ZS,13.245"
"Armenia,ARM,""Unemployment, total (% of total labor force) (national estimate)"",SL.UEM.TOTL.NE.ZS,.."
"Aruba,ABW,""Unemployment, total (% of total labor force) (modeled ILO estimate)"",SL.UEM.TOTL.ZS,.."
"Aruba,ABW,""Unemployment, total (% of total labor force) (national estimate)"",SL.UEM.TOTL.NE.ZS,.."
"Australia,AUS,""Unemployment, total (% of total labor force) (modeled ILO estimate)"",SL.UEM.TOTL.ZS,3.668"
"Australia,AUS,""Unemployment, total (% of total labor force) (national estimate)"",SL.UEM.TOTL.NE.ZS,3.668"
"Austria,AUT,""Unemployment, total (% of total labor force) (modeled ILO estimate)"",SL.UEM.TOTL.ZS,5.264"
"Austria,AUT,""Unemployment, total (% of total labor force) (national estimate)"",SL.UEM.TOTL.NE.ZS,5.264"
"Azerbaijan,AZE,""Unemployment, total (% of total labor force) (modeled ILO estimate)"",SL.UEM.TOTL.ZS,5.636"
"Azerbaijan,AZE,""Unemployment, total (% of total labor force) (national estimate)"",SL.UEM.TOTL.NE.ZS,.."
"Bahamas, The,BHS,""Unemployment, total (% of total labor force) (modeled ILO estimate)"",SL.UEM.TOTL.ZS,8.643"
"Bahamas, The,BHS,""Unemployment, total (% of total labor force) (national estimate)"",SL.UEM.TOTL.NE.ZS,8.643"
"Bahrain,BHR,""Unemployment, total (% of total labor force) (modeled ILO estimate)"",SL.UEM.TOTL.ZS,1.154"
"Bahrain,BHR,""Unemployment, total (% of total labor force) (national estimate)"",SL.UEM.TOTL.NE.ZS,.."
"Bangladesh,BGD,""Unemployment, total (% of total labor force) (modeled ILO estimate)"",SL.UEM.TOTL.ZS,4.454"
"Bangladesh,BGD,""Unemployment, total (% of total labor force) (national estimate)"",SL.UEM.TOTL.NE.ZS,.."
"Barbados,BRB,""Unemployment, total (% of total labor force) (modeled ILO estimate)"",SL.UEM.TOTL.ZS,7.878"
"Barbados,BRB,""Unemployment, total (% of total labor force) (national estimate)"",SL.UEM.TOTL.NE.ZS,.."
"Belarus,BLR,""Unemployment, total (% of total labor force) (modeled ILO estimate)"",SL.UEM.TOTL.ZS,3.461"
"Belarus,BLR,""Unemployment, total (% of total labor force) (national estimate)"",SL.UEM.TOTL.NE.ZS,3.461"
"Belgium,BEL,""Unemployment, total (% of total labor force) (modeled ILO estimate)"",SL.UEM.TOTL.ZS,5.528"
"Belgium,BEL,""Unemployment, total (% of total labor force) (national estimate)"",SL.UEM.TOTL.NE.ZS,5.528"
"Belize,BLZ,""Unemployment, total (% of total labor force) (modeled ILO estimate)"",SL.UEM.TOTL.ZS,8.267"
"Belize,BLZ,""Unemployment, total (% of total labor force) (national estimate)"",SL.UEM.TOTL.NE.ZS,.."
"Benin,BEN,""Unemployment, total (% of total labor force) (modeled ILO estimate)"",SL.UEM.TOTL.ZS,1.657"
"Benin,BEN,""Unemployment, total (% of total labor force) (national estimate)"",SL.UEM.TOTL.NE.ZS,.."
"Bermuda,BMU,""Unemployment, total (% of total labor force) (modeled ILO estimate)"",SL.UEM.TOTL.ZS,.."
"Bermuda,BMU,""Unemployment, total (% of total labor force) (national estimate)"",SL.UEM.TOTL.NE.ZS,.."
"Bhutan,BTN,""Unemployment, total (% of total labor force) (modeled ILO estimate)"",SL.UEM.TOTL.ZS,3.126"
"Bhutan,BTN,""Unemployment, total (% of total labor force) (national estimate)"",SL.UEM.TOTL.NE.ZS,3.126"
"Bolivia,BOL,""Unemployment, total (% of total labor force) (modeled ILO estimate)"",SL.UEM.TOTL.ZS,3.024"
"Bolivia,BOL,""Unemployment, total (% of total labor force) (national estimate)"",SL.UEM.TOTL.NE.ZS,3.024"
"Bosnia and Herzegovina,BIH,""Unemployment, total (% of total labor force) (modeled ILO estimate)"",SL.UEM.TOTL.ZS,10.668"
"Bosnia and Herzegovina,BIH,""Unemployment, total (% of total labor force) (national estimate)"",SL.UEM.TOTL.NE.ZS,10.668"
"Botswana,BWA,""Unemployment, total (% of total labor force) (modeled ILO estimate)"",SL.UEM.TOTL.ZS,23.381"
"Botswana,BWA,""Unemployment, total (% of total labor force) (national estimate)"",SL.UEM.TOTL.NE.ZS,23.381"
"Brazil,BRA,""Unemployment, total (% of total labor force) (modeled ILO estimate)"",SL.UEM.TOTL.ZS,7.947"
"Brazil,BRA,""Unemployment, total (% of total labor force) (national estimate)"",SL.UEM.TOTL.NE.ZS,7.947"
"British Virgin Islands,VGB,""Unemployment, total (% of total labor force) (modeled ILO estimate)"",SL.UEM.TOTL.ZS,.."
"British Virgin Islands,VGB,""Unemployment, total (% of total labor force) (national estimate)"",SL.UEM.TOTL.NE.ZS,.."
"Brunei Darussalam,BRN,""Unemployment, total (% of total labor force) (modeled ILO estimate)"",SL.UEM.TOTL.ZS,5.183"
"Brunei Darussalam,BRN,""Unemployment, total (% of total labor force) (national estimate)"",SL.UEM.TOTL.NE.ZS,5.296"
"Bulgaria,BGR,""Unemployment, total (% of total labor force) (modeled ILO estimate)"",SL.UEM.TOTL.ZS,4.319"
"Bulgaria,BGR,""Unemployment, total (% of total labor force) (national estimate)"",SL.UEM.TOTL.NE.ZS,4.319"
"Burkina Faso,BFA,""Unemployment, total (% of total labor force) (modeled ILO estimate)"",SL.UEM.TOTL.ZS,5.348"
"Burkina Faso,BFA,""Unemployment, total (% of total labor force) (national estimate)"",SL.UEM.TOTL.NE.ZS,5.348"
"Burundi,BDI,""Unemployment, total (% of total labor force) (modeled ILO estimate)"",SL.UEM.TOTL.ZS,0.921"
"Burundi,BDI,""Unemployment, total (% of total labor force) (national estimate)"",SL.UEM.TOTL.NE.ZS,.."
"Cabo Verde,CPV,""Unemployment, total (% of total labor force) (modeled ILO estimate)"",SL.UEM.TOTL.ZS,11.971"
"Cabo Verde,CPV,""Unemployment, total (% of total labor force) (national estimate)"",SL.UEM.TOTL.NE.ZS,.."
"Cambodia,KHM,""Unemployment, total (% of total labor force) (modeled ILO estimate)"",SL.UEM.TOTL.ZS,0.225"
"Cambodia,KHM,""Unemployment, total (% of total labor force) (national estimate)"",SL.UEM.TOTL.NE.ZS,.."
"Cameroon,CMR,""Unemployment, total (% of total labor force) (modeled ILO estimate)"",SL.UEM.TOTL.ZS,3.613"
"Cameroon,CMR,""Unemployment, total (% of total labor force) (national estimate)"",SL.UEM.TOTL.NE.ZS,.."
"Canada,CAN,""Unemployment, total (% of total labor force) (modeled ILO estimate)"",SL.UEM.TOTL.ZS,5.415"
"Canada,CAN,""Unemployment, total (% of total labor force) (national estimate)"",SL.UEM.TOTL.NE.ZS,5.415"
"Cayman Islands,CYM,""Unemployment, total (% of total labor force) (modeled ILO estimate)"",SL.UEM.TOTL.ZS,.."
"Cayman Islands,CYM,""Unemployment, total (% of total labor force) (national estimate)"",SL.UEM.TOTL.NE.ZS,.."
"Central African Republic,CAF,""Unemployment, total (% of total labor force) (modeled ILO estimate)"",SL.UEM.TOTL.ZS,5.877"
"Central African Republic,CAF,""Unemployment, total (% of total labor force) (national estimate)"",SL.UEM.TOTL.NE.ZS,.."
"Chad,TCD,""Unemployment, total (% of total labor force) (modeled ILO estimate)"",SL.UEM.TOTL.ZS,1.074"
"Chad,TCD,""Unemployment, total (% of total labor force) (national estimate)"",SL.UEM.TOTL.NE.ZS,.."
"Channel Islands,CHI,""Unemployment, total (% of total labor force) (modeled ILO estimate)"",SL.UEM.TOTL.ZS,6.187"
"Channel Islands,CHI,""Unemployment, total (% of total labor force) (national estimate)"",SL.UEM.TOTL.NE.ZS,.."
"Chile,CHL,""Unemployment, total (% of total labor force) (modeled ILO estimate)"",SL.UEM.TOTL.ZS,9.013"
"Chile,CHL,""Unemployment, total (% of total labor force) (national estimate)"",SL.UEM.TOTL.NE.ZS,9.013"
"China,CHN,""Unemployment, total (% of total labor force) (modeled ILO estimate)"",SL.UEM.TOTL.ZS,4.67"
"China,CHN,""Unemployment, total (% of total labor force) (national estimate)"",SL.UEM.TOTL.NE.ZS,.."
"Colombia,COL,""Unemployment, total (% of total labor force) (modeled ILO estimate)"",SL.UEM.TOTL.ZS,9.594"
"Colombia,COL,""Unemployment, total (% of total labor force) (national estimate)"",SL.UEM.TOTL.NE.ZS,9.603"
"Comoros,COM,""Unemployment, total (% of total labor force) (modeled ILO estimate)"",SL.UEM.TOTL.ZS,3.776"
"Comoros,COM,""Unemployment, total (% of total labor force) (national estimate)"",SL.UEM.TOTL.NE.ZS,.."
"Congo, Dem. Rep.,COD,""Unemployment, total (% of total labor force) (modeled ILO estimate)"",SL.UEM.TOTL.ZS,4.484"
"Congo, Dem. Rep.,COD,""Unemployment, total (% of total labor force) (national estimate)"",SL.UEM.TOTL.NE.ZS,.."
"Congo, Rep.,COG,""Unemployment, total (% of total labor force) (modeled ILO estimate)"",SL.UEM.TOTL.ZS,19.898"
"Congo, Rep.,COG,""Unemployment, total (% of total labor force) (national estimate)"",SL.UEM.TOTL.NE.ZS,.."
"Costa Rica,CRI,""Unemployment, total (% of total labor force) (modeled ILO estimate)"",SL.UEM.TOTL.ZS,8.325"
"Costa Rica,CRI,""Unemployment, total (% of total labor force) (national estimate)"",SL.UEM.TOTL.NE.ZS,8.325"
"Cote d'Ivoire,CIV,""Unemployment, total (% of total labor force) (modeled ILO estimate)"",SL.UEM.TOTL.ZS,2.27"
"Cote d'Ivoire,CIV,""Unemployment, total (% of total labor force) (national estimate)"",SL.UEM.TOTL.NE.ZS,.."
"Croatia,HRV,""Unemployment, total (% of total labor force) (modeled ILO estimate)"",SL.UEM.TOTL.ZS,6.086"
"Croatia,HRV,""Unemployment, total (% of total labor force) (national estimate)"",SL.UEM.TOTL.NE.ZS,6.086"
"Cuba,CUB,""Unemployment, total (% of total labor force) (modeled ILO estimate)"",SL.UEM.TOTL.ZS,1.719"
"Cuba,CUB,""Unemployment, total (% of total labor force) (national estimate)"",SL.UEM.TOTL.NE.ZS,.."
"Curacao,CUW,""Unemployment, total (% of total labor force) (modeled ILO estimate)"",SL.UEM.TOTL.ZS,.."
"Curacao,CUW,""Unemployment, total (% of total labor force) (national estimate)"",SL.UEM.TOTL.NE.ZS,.."
"Cyprus,CYP,""Unemployment, total (% of total labor force) (modeled ILO estimate)"",SL.UEM.TOTL.ZS,6.098"
"Cyprus,CYP,""Unemployment, total (% of total labor force) (national estimate)"",SL.UEM.TOTL.NE.ZS,5.835"
"Czechia,CZE,""Unemployment, total (% of total labor force) (modeled ILO estimate)"",SL.UEM.TOTL.ZS,2.579"
"Czechia,CZE,""Unemployment, total (% of total labor force) (national estimate)"",SL.UEM.TOTL.NE.ZS,2.58"
"Denmark,DNK,""Unemployment, total (% of total labor force) (modeled ILO estimate)"",SL.UEM.TOTL.ZS,5.094"
"Denmark,DNK,""Unemployment, total (% of total labor force) (national estimate)"",SL.UEM.TOTL.NE.ZS,5.094"
"Djibouti,DJI,""Unemployment, total (% of total labor force) (modeled ILO estimate)"",SL.UEM.TOTL.ZS,26.154"
"Djibouti,DJI,""Unemployment, total (% of total labor force) (national estimate)"",SL.UEM.TOTL.NE.ZS,.."
"Dominica,DMA,""Unemployment, total (% of total labor force) (modeled ILO estimate)"",SL.UEM.TOTL.ZS,.."
"Dominica,DMA,""Unemployment, total (% of total labor force) (national estimate)"",SL.UEM.TOTL.NE.ZS,.."
"Dominican Republic,DOM,""Unemployment, total (% of total labor force) (modeled ILO estimate)"",SL.UEM.TOTL.ZS,5.555"
"Dominican Republic,DOM,""Unemployment, total (% of total labor force) (national estimate)"",SL.UEM.TOTL.NE.ZS,5.555"
"Ecuador,ECU,""Unemployment, total (% of total labor force) (modeled ILO estimate)"",SL.UEM.TOTL.ZS,3.51"
"Ecuador,ECU,""Unemployment, total (% of total labor force) (national estimate)"",SL.UEM.TOTL.NE.ZS,3.51"
"Egypt, Arab Rep.,EGY,""Unemployment, total (% of total labor force) (modeled ILO estimate)"",SL.UEM.TOTL.ZS,7.334"
"Egypt, Arab Rep.,EGY,""Unemployment, total (% of total labor force) (national estimate)"",SL.UEM.TOTL.NE.ZS,6.753"
"El Salvador,SLV,""Unemployment, total (% of total labor force) (modeled ILO estimate)"",SL.UEM.TOTL.ZS,2.992"
"El Salvador,SLV,""Unemployment, total (% of total labor force) (national estimate)"",SL.UEM.TOTL.NE.ZS,2.992"
"Equatorial Guinea,GNQ,""Unemployment, total (% of total labor force) (modeled ILO estimate)"",SL.UEM.TOTL.ZS,8.367"
"Equatorial Guinea,GNQ,""Unemployment, total (% of total labor force) (national estimate)"",SL.UEM.TOTL.NE.ZS,.."
"Eritrea,ERI,""Unemployment, total (% of total labor force) (modeled ILO estimate)"",SL.UEM.TOTL.ZS,5.586"
"Eritrea,ERI,""Unemployment, total (% of total labor force) (national estimate)"",SL.UEM.TOTL.NE.ZS,.."
"Estonia,EST,""Unemployment, total (% of total labor force) (modeled ILO estimate)"",SL.UEM.TOTL.ZS,6.378"
"Estonia,EST,""Unemployment, total (% of total labor force) (national estimate)"",SL.UEM.TOTL.NE.ZS,6.378"
"Eswatini,SWZ,""Unemployment, total (% of total labor force) (modeled ILO estimate)"",SL.UEM.TOTL.ZS,35.086"
"Eswatini,SWZ,""Unemployment, total (% of total labor force) (national estimate)"",SL.UEM.TOTL.NE.ZS,.."
"Ethiopia,ETH,""Unemployment, total (% of total labor force) (modeled ILO estimate)"",SL.UEM.TOTL.ZS,3.402"
"Ethiopia,ETH,""Unemployment, total (% of total labor force) (national estimate)"",SL.UEM.TOTL.NE.ZS,.."
"Faroe Islands,FRO,""Unemployment, total (% of total labor force) (modeled ILO estimate)"",SL.UEM.TOTL.ZS,.."
"Faroe Islands,FRO,""Unemployment, total (% of total labor force) (national estimate)"",SL.UEM.TOTL.NE.ZS,.."
"Fiji,FJI,""Unemployment, total (% of total labor force) (modeled ILO estimate)"",SL.UEM.TOTL.ZS,4.322"
"Fiji,FJI,""Unemployment, total (% of total labor force) (national estimate)"",SL.UEM.TOTL.NE.ZS,.."
"Finland,FIN,""Unemployment, total (% of total labor force) (modeled ILO estimate)"",SL.UEM.TOTL.ZS,7.151"
"Finland,FIN,""Unemployment, total (% of total labor force) (national estimate)"",SL.UEM.TOTL.NE.ZS,7.151"
"France,FRA,""Unemployment, total (% of total labor force) (modeled ILO estimate)"",SL.UEM.TOTL.ZS,7.335"
"France,FRA,""Unemployment, total (% of total labor force) (national estimate)"",SL.UEM.TOTL.NE.ZS,7.335"
"French Polynesia,PYF,""Unemployment, total (% of total labor force) (modeled ILO estimate)"",SL.UEM.TOTL.ZS,11.749"
"French Polynesia,PYF,""Unemployment, total (% of total labor force) (national estimate)"",SL.UEM.TOTL.NE.ZS,.."
"Gabon,GAB,""Unemployment, total (% of total labor force) (modeled ILO estimate)"",SL.UEM.TOTL.ZS,20.278"
"Gabon,GAB,""Unemployment, total (% of total labor force) (national estimate)"",SL.UEM.TOTL.NE.ZS,.."
"Gambia, The,GMB,""Unemployment, total (% of total labor force) (modeled ILO estimate)"",SL.UEM.TOTL.ZS,6.479"
"Gambia, The,GMB,""Unemployment, total (% of total labor force) (national estimate)"",SL.UEM.TOTL.NE.ZS,6.479"
"Georgia,GEO,""Unemployment, total (% of total labor force) (modeled ILO estimate)"",SL.UEM.TOTL.ZS,11.537"
"Georgia,GEO,""Unemployment, total (% of total labor force) (national estimate)"",SL.UEM.TOTL.NE.ZS,.."
"Germany,DEU,""Unemployment, total (% of total labor force) (modeled ILO estimate)"",SL.UEM.TOTL.ZS,3.068"
"Germany,DEU,""Unemployment, total (% of total labor force) (national estimate)"",SL.UEM.TOTL.NE.ZS,3.068"
"Ghana,GHA,""Unemployment, total (% of total labor force) (modeled ILO estimate)"",SL.UEM.TOTL.ZS,3.063"
"Ghana,GHA,""Unemployment, total (% of total labor force) (national estimate)"",SL.UEM.TOTL.NE.ZS,.."
"Gibraltar,GIB,""Unemployment, total (% of total labor force) (modeled ILO estimate)"",SL.UEM.TOTL.ZS,.."
"Gibraltar,GIB,""Unemployment, total (% of total labor force) (national estimate)"",SL.UEM.TOTL.NE.ZS,.."
"Greece,GRC,""Unemployment, total (% of total labor force) (modeled ILO estimate)"",SL.UEM.TOTL.ZS,11.066"
"Greece,GRC,""Unemployment, total (% of total labor force) (national estimate)"",SL.UEM.TOTL.NE.ZS,11.023"
"Greenland,GRL,""Unemployment, total (% of total labor force) (modeled ILO estimate)"",SL.UEM.TOTL.ZS,.."
"Greenland,GRL,""Unemployment, total (% of total labor force) (national estimate)"",SL.UEM.TOTL.NE.ZS,.."
"Grenada,GRD,""Unemployment, total (% of total labor force) (modeled ILO estimate)"",SL.UEM.TOTL.ZS,.."
"Grenada,GRD,""Unemployment, total (% of total labor force) (national estimate)"",SL.UEM.TOTL.NE.ZS,6.34"
"Guam,GUM,""Unemployment, total (% of total labor force) (modeled ILO estimate)"",SL.UEM.TOTL.ZS,5.363"
"Guam,GUM,""Unemployment, total (% of total labor force) (national estimate)"",SL.UEM.TOTL.NE.ZS,.."
"Guatemala,GTM,""Unemployment, total (% of total labor force) (modeled ILO estimate)"",SL.UEM.TOTL.ZS,2.344"
"Guatemala,GTM,""Unemployment, total (% of total labor force) (national estimate)"",SL.UEM.TOTL.NE.ZS,2.344"
"Guinea,GIN,""Unemployment, total (% of total labor force) (modeled ILO estimate)"",SL.UEM.TOTL.ZS,5.244"
"Guinea,GIN,""Unemployment, total (% of total labor force) (national estimate)"",SL.UEM.TOTL.NE.ZS,.."
"Guinea-Bissau,GNB,""Unemployment, total (% of total labor force) (modeled ILO estimate)"",SL.UEM.TOTL.ZS,2.65"
"Guinea-Bissau,GNB,""Unemployment, total (% of total labor force) (national estimate)"",SL.UEM.TOTL.NE.ZS,.."
"Guyana,GUY,""Unemployment, total (% of total labor force) (modeled ILO estimate)"",SL.UEM.TOTL.ZS,12.025"
"Guyana,GUY,""Unemployment, total (% of total labor force) (national estimate)"",SL.UEM.TOTL.NE.ZS,.."
"Haiti,HTI,""Unemployment, total (% of total labor force) (modeled ILO estimate)"",SL.UEM.TOTL.ZS,14.556"
"Haiti,HTI,""Unemployment, total (% of total labor force) (national estimate)"",SL.UEM.TOTL.NE.ZS,.."
"Honduras,HND,""Unemployment, total (% of total labor force) (modeled ILO estimate)"",SL.UEM.TOTL.ZS,6.07"
"Honduras,HND,""Unemployment, total (% of total labor force) (national estimate)"",SL.UEM.TOTL.NE.ZS,6.071"
"Hong Kong SAR, China,HKG,""Unemployment, total (% of total labor force) (modeled ILO estimate)"",SL.UEM.TOTL.ZS,2.949"
"Hong Kong SAR, China,HKG,""Unemployment, total (% of total labor force) (national estimate)"",SL.UEM.TOTL.NE.ZS,2.949"
"Hungary,HUN,""Unemployment, total (% of total labor force) (modeled ILO estimate)"",SL.UEM.TOTL.ZS,4.107"
"Hungary,HUN,""Unemployment, total (% of total labor force) (national estimate)"",SL.UEM.TOTL.NE.ZS,4.107"
"Iceland,ISL,""Unemployment, total (% of total labor force) (modeled ILO estimate)"",SL.UEM.TOTL.ZS,3.518"
"Iceland,ISL,""Unemployment, total (% of total labor force) (national estimate)"",SL.UEM.TOTL.NE.ZS,3.518"
"India,IND,""Unemployment, total (% of total labor force) (modeled ILO estimate)"",SL.UEM.TOTL.ZS,4.172"
"India,IND,""Unemployment, total (% of total labor force) (national estimate)"",SL.UEM.TOTL.NE.ZS,4.172"
"Indonesia,IDN,""Unemployment, total (% of total labor force) (modeled ILO estimate)"",SL.UEM.TOTL.ZS,3.308"
"Indonesia,IDN,""Unemployment, total (% of total labor force) (national estimate)"",SL.UEM.TOTL.NE.ZS,3.308"
"Iran, Islamic Rep.,IRN,""Unemployment, total (% of total labor force) (modeled ILO estimate)"",SL.UEM.TOTL.ZS,9.041"
"Iran, Islamic Rep.,IRN,""Unemployment, total (% of total labor force) (national estimate)"",SL.UEM.TOTL.NE.ZS,.."
"Iraq,IRQ,""Unemployment, total (% of total labor force) (modeled ILO estimate)"",SL.UEM.TOTL.ZS,15.447"
"Iraq,IRQ,""Unemployment, total (% of total labor force) (national estimate)"",SL.UEM.TOTL.NE.ZS,.."
"Ireland,IRL,""Unemployment, total (% of total labor force) (modeled ILO estimate)"",SL.UEM.TOTL.ZS,4.288"
"Ireland,IRL,""Unemployment, total (% of total labor force) (national estimate)"",SL.UEM.TOTL.NE.ZS,4.288"
"Isle of Man,IMN,""Unemployment, total (% of total labor force) (modeled ILO estimate)"",SL.UEM.TOTL.ZS,.."
"Isle of Man,IMN,""Unemployment, total (% of total labor force) (national estimate)"",SL.UEM.TOTL.NE.ZS,.."
"Israel,ISR,""Unemployment, total (% of total labor force) (modeled ILO estimate)"",SL.UEM.TOTL.ZS,3.596"
"Israel,ISR,""Unemployment, total (% of total labor force) (national estimate)"",SL.UEM.TOTL.NE.ZS,3.371"
"Italy,ITA,""Unemployment, total (% of total labor force) (modeled ILO estimate)"",SL.UEM.TOTL.ZS,7.627"
"Italy,ITA,""Unemployment, total (% of total labor force) (national estimate)"",SL.UEM.TOTL.NE.ZS,7.627"
"Jamaica,JAM,""Unemployment, total (% of total labor force) (modeled ILO estimate)"",SL.UEM.TOTL.ZS,4.4"
"Jamaica,JAM,""Unemployment, total (% of total labor force) (national estimate)"",SL.UEM.TOTL.NE.ZS,3.022"
"Japan,JPN,""Unemployment, total (% of total labor force) (modeled ILO estimate)"",SL.UEM.TOTL.ZS,2.6"
"Japan,JPN,""Unemployment, total (% of total labor force) (national estimate)"",SL.UEM.TOTL.NE.ZS,2.6"
"Jordan,JOR,""Unemployment, total (% of total labor force) (modeled ILO estimate)"",SL.UEM.TOTL.ZS,17.969"
"Jordan,JOR,""Unemployment, total (% of total labor force) (national estimate)"",SL.UEM.TOTL.NE.ZS,16.622"
"Kazakhstan,KAZ,""Unemployment, total (% of total labor force) (modeled ILO estimate)"",SL.UEM.TOTL.ZS,4.821"
"Kazakhstan,KAZ,""Unemployment, total (% of total labor force) (national estimate)"",SL.UEM.TOTL.NE.ZS,.."
"Kenya,KEN,""Unemployment, total (% of total labor force) (modeled ILO estimate)"",SL.UEM.TOTL.ZS,5.567"
"Kenya,KEN,""Unemployment, total (% of total labor force) (national estimate)"",SL.UEM.TOTL.NE.ZS,.."
"Kiribati,KIR,""Unemployment, total (% of total labor force) (modeled ILO estimate)"",SL.UEM.TOTL.ZS,.."
"Kiribati,KIR,""Unemployment, total (% of total labor force) (national estimate)"",SL.UEM.TOTL.NE.ZS,.."
"Korea, Dem. People's Rep.,PRK,""Unemployment, total (% of total labor force) (modeled ILO estimate)"",SL.UEM.TOTL.ZS,2.831"
"Korea, Dem. People's Rep.,PRK,""Unemployment, total (% of total labor force) (national estimate)"",SL.UEM.TOTL.NE.ZS,.."
"Korea, Rep.,KOR,""Unemployment, total (% of total labor force) (modeled ILO estimate)"",SL.UEM.TOTL.ZS,2.675"
"Korea, Rep.,KOR,""Unemployment, total (% of total labor force) (national estimate)"",SL.UEM.TOTL.NE.ZS,2.675"
"Kosovo,XKX,""Unemployment, total (% of total labor force) (modeled ILO estimate)"",SL.UEM.TOTL.ZS,.."
"Kosovo,XKX,""Unemployment, total (% of total labor force) (national estimate)"",SL.UEM.TOTL.NE.ZS,.."
"Kuwait,KWT,""Unemployment, total (% of total labor force) (modeled ILO estimate)"",SL.UEM.TOTL.ZS,2.127"
"Kuwait,KWT,""Unemployment, total (% of total labor force) (national estimate)"",SL.UEM.TOTL.NE.ZS,.."
"Kyrgyz Republic,KGZ,""Unemployment, total (% of total labor force) (modeled ILO estimate)"",SL.UEM.TOTL.ZS,3.991"
"Kyrgyz Republic,KGZ,""Unemployment, total (% of total labor force) (national estimate)"",SL.UEM.TOTL.NE.ZS,.."
"Lao PDR,LAO,""Unemployment, total (% of total labor force) (modeled ILO estimate)"",SL.UEM.TOTL.ZS,1.188"
"Lao PDR,LAO,""Unemployment, total (% of total labor force) (national estimate)"",SL.UEM.TOTL.NE.ZS,.."
"Latvia,LVA,""Unemployment, total (% of total labor force) (modeled ILO estimate)"",SL.UEM.TOTL.ZS,6.465"
"Latvia,LVA,""Unemployment, total (% of total labor force) (national estimate)"",SL.UEM.TOTL.NE.ZS,6.465"
"Lebanon,LBN,""Unemployment, total (% of total labor force) (modeled ILO estimate)"",SL.UEM.TOTL.ZS,11.543"
"Lebanon,LBN,""Unemployment, total (% of total labor force) (national estimate)"",SL.UEM.TOTL.NE.ZS,.."
"Lesotho,LSO,""Unemployment, total (% of total labor force) (modeled ILO estimate)"",SL.UEM.TOTL.ZS,16.457"
"Lesotho,LSO,""Unemployment, total (% of total labor force) (national estimate)"",SL.UEM.TOTL.NE.ZS,.."
"Liberia,LBR,""Unemployment, total (% of total labor force) (modeled ILO estimate)"",SL.UEM.TOTL.ZS,2.933"
"Liberia,LBR,""Unemployment, total (% of total labor force) (national estimate)"",SL.UEM.TOTL.NE.ZS,.."
"Libya,LBY,""Unemployment, total (% of total labor force) (modeled ILO estimate)"",SL.UEM.TOTL.ZS,18.753"
"Libya,LBY,""Unemployment, total (% of total labor force) (national estimate)"",SL.UEM.TOTL.NE.ZS,.."
"Liechtenstein,LIE,""Unemployment, total (% of total labor force) (modeled ILO estimate)"",SL.UEM.TOTL.ZS,.."
"Liechtenstein,LIE,""Unemployment, total (% of total labor force) (national estimate)"",SL.UEM.TOTL.NE.ZS,.."
"Lithuania,LTU,""Unemployment, total (% of total labor force) (modeled ILO estimate)"",SL.UEM.TOTL.ZS,6.841"
"Lithuania,LTU,""Unemployment, total (% of total labor force) (national estimate)"",SL.UEM.TOTL.NE.ZS,6.841"
"Luxembourg,LUX,""Unemployment, total (% of total labor force) (modeled ILO estimate)"",SL.UEM.TOTL.ZS,5.184"
"Luxembourg,LUX,""Unemployment, total (% of total labor force) (national estimate)"",SL.UEM.TOTL.NE.ZS,5.184"
"Macao SAR, China,MAC,""Unemployment, total (% of total labor force) (modeled ILO estimate)"",SL.UEM.TOTL.ZS,2.235"
"Macao SAR, China,MAC,""Unemployment, total (% of total labor force) (national estimate)"",SL.UEM.TOTL.NE.ZS,.."
"Madagascar,MDG,""Unemployment, total (% of total labor force) (modeled ILO estimate)"",SL.UEM.TOTL.ZS,3.069"
"Madagascar,MDG,""Unemployment, total (% of total labor force) (national estimate)"",SL.UEM.TOTL.NE.ZS,.."
"Malawi,MWI,""Unemployment, total (% of total labor force) (modeled ILO estimate)"",SL.UEM.TOTL.ZS,5.033"
"Malawi,MWI,""Unemployment, total (% of total labor force) (national estimate)"",SL.UEM.TOTL.NE.ZS,.."
"Malaysia,MYS,""Unemployment, total (% of total labor force) (modeled ILO estimate)"",SL.UEM.TOTL.ZS,3.869"
"Malaysia,MYS,""Unemployment, total (% of total labor force) (national estimate)"",SL.UEM.TOTL.NE.ZS,.."
"Maldives,MDV,""Unemployment, total (% of total labor force) (modeled ILO estimate)"",SL.UEM.TOTL.ZS,4.241"
"Maldives,MDV,""Unemployment, total (% of total labor force) (national estimate)"",SL.UEM.TOTL.NE.ZS,.."
"Mali,MLI,""Unemployment, total (% of total labor force) (modeled ILO estimate)"",SL.UEM.TOTL.ZS,2.956"
"Mali,MLI,""Unemployment, total (% of total labor force) (national estimate)"",SL.UEM.TOTL.NE.ZS,.."
"Malta,MLT,""Unemployment, total (% of total labor force) (modeled ILO estimate)"",SL.UEM.TOTL.ZS,3.11"
"Malta,MLT,""Unemployment, total (% of total labor force) (national estimate)"",SL.UEM.TOTL.NE.ZS,3.11"
"Marshall Islands,MHL,""Unemployment, total (% of total labor force) (modeled ILO estimate)"",SL.UEM.TOTL.ZS,.."
"Marshall Islands,MHL,""Unemployment, total (% of total labor force) (national estimate)"",SL.UEM.TOTL.NE.ZS,.."
"Mauritania,MRT,""Unemployment, total (% of total labor force) (modeled ILO estimate)"",SL.UEM.TOTL.ZS,10.446"
"Mauritania,MRT,""Unemployment, total (% of total labor force) (national estimate)"",SL.UEM.TOTL.NE.ZS,.."
"Mauritius,MUS,""Unemployment, total (% of total labor force) (modeled ILO estimate)"",SL.UEM.TOTL.ZS,5.571"
"Mauritius,MUS,""Unemployment, total (% of total labor force) (national estimate)"",SL.UEM.TOTL.NE.ZS,5.571"
"Mexico,MEX,""Unemployment, total (% of total labor force) (modeled ILO estimate)"",SL.UEM.TOTL.ZS,2.765"
"Mexico,MEX,""Unemployment, total (% of total labor force) (national estimate)"",SL.UEM.TOTL.NE.ZS,2.765"
"Micronesia, Fed. Sts.,FSM,""Unemployment, total (% of total labor force) (modeled ILO estimate)"",SL.UEM.TOTL.ZS,.."
"Micronesia, Fed. Sts.,FSM,""Unemployment, total (% of total labor force) (national estimate)"",SL.UEM.TOTL.NE.ZS,.."
"Moldova,MDA,""Unemployment, total (% of total labor force) (modeled ILO estimate)"",SL.UEM.TOTL.ZS,1.555"
"Moldova,MDA,""Unemployment, total (% of total labor force) (national estimate)"",SL.UEM.TOTL.NE.ZS,1.57"
"Monaco,MCO,""Unemployment, total (% of total labor force) (modeled ILO estimate)"",SL.UEM.TOTL.ZS,.."
"Monaco,MCO,""Unemployment, total (% of total labor force) (national estimate)"",SL.UEM.TOTL.NE.ZS,.."
"Mongolia,MNG,""Unemployment, total (% of total labor force) (modeled ILO estimate)"",SL.UEM.TOTL.ZS,5.503"
"Mongolia,MNG,""Unemployment, total (% of total labor force) (national estimate)"",SL.UEM.TOTL.NE.ZS,5.178"
"Montenegro,MNE,""Unemployment, total (% of total labor force) (modeled ILO estimate)"",SL.UEM.TOTL.ZS,14.621"
"Montenegro,MNE,""Unemployment, total (% of total labor force) (national estimate)"",SL.UEM.TOTL.NE.ZS,.."
"Morocco,MAR,""Unemployment, total (% of total labor force) (modeled ILO estimate)"",SL.UEM.TOTL.ZS,9.044"
"Morocco,MAR,""Unemployment, total (% of total labor force) (national estimate)"",SL.UEM.TOTL.NE.ZS,.."
"Mozambique,MOZ,""Unemployment, total (% of total labor force) (modeled ILO estimate)"",SL.UEM.TOTL.ZS,3.519"
"Mozambique,MOZ,""Unemployment, total (% of total labor force) (national estimate)"",SL.UEM.TOTL.NE.ZS,.."
"Myanmar,MMR,""Unemployment, total (% of total labor force) (modeled ILO estimate)"",SL.UEM.TOTL.ZS,3.032"
"Myanmar,MMR,""Unemployment, total (% of total labor force) (national estimate)"",SL.UEM.TOTL.NE.ZS,.."
"Namibia,NAM,""Unemployment, total (% of total labor force) (modeled ILO estimate)"",SL.UEM.TOTL.ZS,19.365"
"Namibia,NAM,""Unemployment, total (% of total labor force) (national estimate)"",SL.UEM.TOTL.NE.ZS,.."
"Nauru,NRU,""Unemployment, total (% of total labor force) (modeled ILO estimate)"",SL.UEM.TOTL.ZS,.."
"Nauru,NRU,""Unemployment, total (% of total labor force) (national estimate)"",SL.UEM.TOTL.NE.ZS,.."
"Nepal,NPL,""Unemployment, total (% of total labor force) (modeled ILO estimate)"",SL.UEM.TOTL.ZS,10.628"
"Nepal,NPL,""Unemployment, total (% of total labor force) (national estimate)"",SL.UEM.TOTL.NE.ZS,.."
"Netherlands,NLD,""Unemployment, total (% of total labor force) (modeled ILO estimate)"",SL.UEM.TOTL.ZS,3.537"
"Netherlands,NLD,""Unemployment, total (% of total labor force) (national estimate)"",SL.UEM.TOTL.NE.ZS,3.537"
"New Caledonia,NCL,""Unemployment, total (% of total labor force) (modeled ILO estimate)"",SL.UEM.TOTL.ZS,10.939"
"New Caledonia,NCL,""Unemployment, total (% of total labor force) (national estimate)"",SL.UEM.TOTL.NE.ZS,.."
"New Zealand,NZL,""Unemployment, total (% of total labor force) (modeled ILO estimate)"",SL.UEM.TOTL.ZS,3.729"
"New Zealand,NZL,""Unemployment, total (% of total labor force) (national estimate)"",SL.UEM.TOTL.NE.ZS,3.731"
"Nicaragua,NIC,""Unemployment, total (% of total labor force) (modeled ILO estimate)"",SL.UEM.TOTL.ZS,4.716"
"Nicaragua,NIC,""Unemployment, total (% of total labor force) (national estimate)"",SL.UEM.TOTL.NE.ZS,.."
"Niger,NER,""Unemployment, total (% of total labor force) (modeled ILO estimate)"",SL.UEM.TOTL.ZS,0.425"
"Niger,NER,""Unemployment, total (% of total labor force) (national estimate)"",SL.UEM.TOTL.NE.ZS,.."
"Nigeria,NGA,""Unemployment, total (% of total labor force) (modeled ILO estimate)"",SL.UEM.TOTL.ZS,3.074"
"Nigeria,NGA,""Unemployment, total (% of total labor force) (national estimate)"",SL.UEM.TOTL.NE.ZS,3.074"
"North Macedonia,MKD,""Unemployment, total (% of total labor force) (modeled ILO estimate)"",SL.UEM.TOTL.ZS,13.174"
"North Macedonia,MKD,""Unemployment, total (% of total labor force) (national estimate)"",SL.UEM.TOTL.NE.ZS,13.174"
"Northern Mariana Islands,MNP,""Unemployment, total (% of total labor force) (modeled ILO estimate)"",SL.UEM.TOTL.ZS,.."
"Northern Mariana Islands,MNP,""Unemployment, total (% of total labor force) (national estimate)"",SL.UEM.TOTL.NE.ZS,.."
"Norway,NOR,""Unemployment, total (% of total labor force) (modeled ILO estimate)"",SL.UEM.TOTL.ZS,3.572"
"Norway,NOR,""Unemployment, total (% of total labor force) (national estimate)"",SL.UEM.TOTL.NE.ZS,3.573"
"Oman,OMN,""Unemployment, total (% of total labor force) (modeled ILO estimate)"",SL.UEM.TOTL.ZS,3.176"
"Oman,OMN,""Unemployment, total (% of total labor force) (national estimate)"",SL.UEM.TOTL.NE.ZS,.."
"Pakistan,PAK,""Unemployment, total (% of total labor force) (modeled ILO estimate)"",SL.UEM.TOTL.ZS,5.408"
"Pakistan,PAK,""Unemployment, total (% of total labor force) (national estimate)"",SL.UEM.TOTL.NE.ZS,.."
"Palau,PLW,""Unemployment, total (% of total labor force) (modeled ILO estimate)"",SL.UEM.TOTL.ZS,.."
"Palau,PLW,""Unemployment, total (% of total labor force) (national estimate)"",SL.UEM.TOTL.NE.ZS,.."
"Panama,PAN,""Unemployment, total (% of total labor force) (modeled ILO estimate)"",SL.UEM.TOTL.ZS,6.544"
"Panama,PAN,""Unemployment, total (% of total labor force) (national estimate)"",SL.UEM.TOTL.NE.ZS,6.678"
"Papua New Guinea,PNG,""Unemployment, total (% of total labor force) (modeled ILO estimate)"",SL.UEM.TOTL.ZS,2.661"
"Papua New Guinea,PNG,""Unemployment, total (% of total labor force) (national estimate)"",SL.UEM.TOTL.NE.ZS,.."
"Paraguay,PRY,""Unemployment, total (% of total labor force) (modeled ILO estimate)"",SL.UEM.TOTL.ZS,5.794"
"Paraguay,PRY,""Unemployment, total (% of total labor force) (national estimate)"",SL.UEM.TOTL.NE.ZS,5.794"
"Peru,PER,""Unemployment, total (% of total labor force) (modeled ILO estimate)"",SL.UEM.TOTL.ZS,4.899"
"Peru,PER,""Unemployment, total (% of total labor force) (national estimate)"",SL.UEM.TOTL.NE.ZS,4.899"
"Philippines,PHL,""Unemployment, total (% of total labor force) (modeled ILO estimate)"",SL.UEM.TOTL.ZS,2.222"
"Philippines,PHL,""Unemployment, total (% of total labor force) (national estimate)"",SL.UEM.TOTL.NE.ZS,.."
"Poland,POL,""Unemployment, total (% of total labor force) (modeled ILO estimate)"",SL.UEM.TOTL.ZS,2.743"
"Poland,POL,""Unemployment, total (% of total labor force) (national estimate)"",SL.UEM.TOTL.NE.ZS,2.743"
"Portugal,PRT,""Unemployment, total (% of total labor force) (modeled ILO estimate)"",SL.UEM.TOTL.ZS,6.509"
"Portugal,PRT,""Unemployment, total (% of total labor force) (national estimate)"",SL.UEM.TOTL.NE.ZS,6.509"
"Puerto Rico,PRI,""Unemployment, total (% of total labor force) (modeled ILO estimate)"",SL.UEM.TOTL.ZS,5.725"
"Puerto Rico,PRI,""Unemployment, total (% of total labor force) (national estimate)"",SL.UEM.TOTL.NE.ZS,.."
"Qatar,QAT,""Unemployment, total (% of total labor force) (modeled ILO estimate)"",SL.UEM.TOTL.ZS,0.13"
"Qatar,QAT,""Unemployment, total (% of total labor force) (national estimate)"",SL.UEM.TOTL.NE.ZS,.."
"Romania,ROU,""Unemployment, total (% of total labor force) (modeled ILO estimate)"",SL.UEM.TOTL.ZS,5.589"
"Romania,ROU,""Unemployment, total (% of total labor force) (national estimate)"",SL.UEM.TOTL.NE.ZS,5.592"
"Russian Federation,RUS,""Unemployment, total (% of total labor force) (modeled ILO estimate)"",SL.UEM.TOTL.ZS,3.076"
"Russian Federation,RUS,""Unemployment, total (% of total labor force) (national estimate)"",SL.UEM.TOTL.NE.ZS,3.076"
"Rwanda,RWA,""Unemployment, total (% of total labor force) (modeled ILO estimate)"",SL.UEM.TOTL.ZS,12.352"
"Rwanda,RWA,""Unemployment, total (% of total labor force) (national estimate)"",SL.UEM.TOTL.NE.ZS,12.352"
"Samoa,WSM,""Unemployment, total (% of total labor force) (modeled ILO estimate)"",SL.UEM.TOTL.ZS,4.977"
"Samoa,WSM,""Unemployment, total (% of total labor force) (national estimate)"",SL.UEM.TOTL.NE.ZS,.."
"San Marino,SMR,""Unemployment, total (% of total labor force) (modeled ILO estimate)"",SL.UEM.TOTL.ZS,.."
"San Marino,SMR,""Unemployment, total (% of total labor force) (national estimate)"",SL.UEM.TOTL.NE.ZS,.."
"Sao Tome and Principe,STP,""Unemployment, total (% of total labor force) (modeled ILO estimate)"",SL.UEM.TOTL.ZS,9.071"
"Sao Tome and Principe,STP,""Unemployment, total (% of total labor force) (national estimate)"",SL.UEM.TOTL.NE.ZS,.."
"Saudi Arabia,SAU,""Unemployment, total (% of total labor force) (modeled ILO estimate)"",SL.UEM.TOTL.ZS,4.008"
"Saudi Arabia,SAU,""Unemployment, total (% of total labor force) (national estimate)"",SL.UEM.TOTL.NE.ZS,4.008"
"Senegal,SEN,""Unemployment, total (% of total labor force) (modeled ILO estimate)"",SL.UEM.TOTL.ZS,2.8"
"Senegal,SEN,""Unemployment, total (% of total labor force) (national estimate)"",SL.UEM.TOTL.NE.ZS,.."
"Serbia,SRB,""Unemployment, total (% of total labor force) (modeled ILO estimate)"",SL.UEM.TOTL.ZS,8.268"
"Serbia,SRB,""Unemployment, total (% of total labor force) (national estimate)"",SL.UEM.TOTL.NE.ZS,8.268"
"Seychelles,SYC,""Unemployment, total (% of total labor force) (modeled ILO estimate)"",SL.UEM.TOTL.ZS,.."
"Seychelles,SYC,""Unemployment, total (% of total labor force) (national estimate)"",SL.UEM.TOTL.NE.ZS,2.934"
"Sierra Leone,SLE,""Unemployment, total (% of total labor force) (modeled ILO estimate)"",SL.UEM.TOTL.ZS,3.153"
"Sierra Leone,SLE,""Unemployment, total (% of total labor force) (national estimate)"",SL.UEM.TOTL.NE.ZS,.."
"Singapore,SGP,""Unemployment, total (% of total labor force) (modeled ILO estimate)"",SL.UEM.TOTL.ZS,3.444"
"Singapore,SGP,""Unemployment, total (% of total labor force) (national estimate)"",SL.UEM.TOTL.NE.ZS,3.444"
"Sint Maarten (Dutch part),SXM,""Unemployment, total (% of total labor force) (modeled ILO estimate)"",SL.UEM.TOTL.ZS,.."
"Sint Maarten (Dutch part),SXM,""Unemployment, total (% of total labor force) (national estimate)"",SL.UEM.TOTL.NE.ZS,.."
"Slovak Republic,SVK,""Unemployment, total (% of total labor force) (modeled ILO estimate)"",SL.UEM.TOTL.ZS,5.84"
"Slovak Republic,SVK,""Unemployment, total (% of total labor force) (national estimate)"",SL.UEM.TOTL.NE.ZS,5.843"
"Slovenia,SVN,""Unemployment, total (% of total labor force) (modeled ILO estimate)"",SL.UEM.TOTL.ZS,3.652"
"Slovenia,SVN,""Unemployment, total (% of total labor force) (national estimate)"",SL.UEM.TOTL.NE.ZS,3.652"
"Solomon Islands,SLB,""Unemployment, total (% of total labor force) (modeled ILO estimate)"",SL.UEM.TOTL.ZS,1.455"
"Solomon Islands,SLB,""Unemployment, total (% of total labor force) (national estimate)"",SL.UEM.TOTL.NE.ZS,.."
"Somalia,SOM,""Unemployment, total (% of total labor force) (modeled ILO estimate)"",SL.UEM.TOTL.ZS,18.941"
"Somalia,SOM,""Unemployment, total (% of total labor force) (national estimate)"",SL.UEM.TOTL.NE.ZS,.."
"South Africa,ZAF,""Unemployment, total (% of total labor force) (modeled ILO estimate)"",SL.UEM.TOTL.ZS,32.098"
"South Africa,ZAF,""Unemployment, total (% of total labor force) (national estimate)"",SL.UEM.TOTL.NE.ZS,32.098"
"South Sudan,SSD,""Unemployment, total (% of total labor force) (modeled ILO estimate)"",SL.UEM.TOTL.ZS,12.477"
"South Sudan,SSD,""Unemployment, total (% of total labor force) (national estimate)"",SL.UEM.TOTL.NE.ZS,.."
"Spain,ESP,""Unemployment, total (% of total labor force) (modeled ILO estimate)"",SL.UEM.TOTL.ZS,12.179"
"Spain,ESP,""Unemployment, total (% of total labor force) (national estimate)"",SL.UEM.TOTL.NE.ZS,12.179"
"Sri Lanka,LKA,""Unemployment, total (% of total labor force) (modeled ILO estimate)"",SL.UEM.TOTL.ZS,5.997"
"Sri Lanka,LKA,""Unemployment, total (% of total labor force) (national estimate)"",SL.UEM.TOTL.NE.ZS,.."
"St. Kitts and Nevis,KNA,""Unemployment, total (% of total labor force) (modeled ILO estimate)"",SL.UEM.TOTL.ZS,.."
"St. Kitts and Nevis,KNA,""Unemployment, total (% of total labor force) (national estimate)"",SL.UEM.TOTL.NE.ZS,.."
"St. Lucia,LCA,""Unemployment, total (% of total labor force) (modeled ILO estimate)"",SL.UEM.TOTL.ZS,11.092"
"St. Lucia,LCA,""Unemployment, total (% of total labor force) (national estimate)"",SL.UEM.TOTL.NE.ZS,12.094"
"St. Martin (French part),MAF,""Unemployment, total (% of total labor force) (modeled ILO estimate)"",SL.UEM.TOTL.ZS,.."
"St. Martin (French part),MAF,""Unemployment, total (% of total labor force) (national estimate)"",SL.UEM.TOTL.NE.ZS,.."
"St. Vincent and the Grenadines,VCT,""Unemployment, total (% of total labor force) (modeled ILO estimate)"",SL.UEM.TOTL.ZS,18.574"
"St. Vincent and the Grenadines,VCT,""Unemployment, total (% of total labor force) (national estimate)"",SL.UEM.TOTL.NE.ZS,.."
"Sudan,SDN,""Unemployment, total (% of total labor force) (modeled ILO estimate)"",SL.UEM.TOTL.ZS,.."
"Sudan,SDN,""Unemployment, total (% of total labor force) (national estimate)"",SL.UEM.TOTL.NE.ZS,.."
"Suriname,SUR,""Unemployment, total (% of total labor force) (modeled ILO estimate)"",SL.UEM.TOTL.ZS,7.631"
"Suriname,SUR,""Unemployment, total (% of total labor force) (national estimate)"",SL.UEM.TOTL.NE.ZS,.."
"Sweden,SWE,""Unemployment, total (% of total labor force) (modeled ILO estimate)"",SL.UEM.TOTL.ZS,7.611"
"Sweden,SWE,""Unemployment, total (% of total labor force) (national estimate)"",SL.UEM.TOTL.NE.ZS,7.611"
"Switzerland,CHE,""Unemployment, total (% of total labor force) (modeled ILO estimate)"",SL.UEM.TOTL.ZS,4.043"
"Switzerland,CHE,""Unemployment, total (% of total labor force) (national estimate)"",SL.UEM.TOTL.NE.ZS,4.043"
"Syrian Arab Republic,SYR,""Unemployment, total (% of total labor force) (modeled ILO estimate)"",SL.UEM.TOTL.ZS,13.187"
"Syrian Arab Republic,SYR,""Unemployment, total (% of total labor force) (national estimate)"",SL.UEM.TOTL.NE.ZS,.."
"Tajikistan,TJK,""Unemployment, total (% of total labor force) (modeled ILO estimate)"",SL.UEM.TOTL.ZS,11.546"
"Tajikistan,TJK,""Unemployment, total (% of total labor force) (national estimate)"",SL.UEM.TOTL.NE.ZS,.."
"Tanzania,TZA,""Unemployment, total (% of total labor force) (modeled ILO estimate)"",SL.UEM.TOTL.ZS,2.582"
"Tanzania,TZA,""Unemployment, total (% of total labor force) (national estimate)"",SL.UEM.TOTL.NE.ZS,.."
"Thailand,THA,""Unemployment, total (% of total labor force) (modeled ILO estimate)"",SL.UEM.TOTL.ZS,0.733"
"Thailand,THA,""Unemployment, total (% of total labor force) (national estimate)"",SL.UEM.TOTL.NE.ZS,0.733"
"Timor-Leste,TLS,""Unemployment, total (% of total labor force) (modeled ILO estimate)"",SL.UEM.TOTL.ZS,1.521"
"Timor-Leste,TLS,""Unemployment, total (% of total labor force) (national estimate)"",SL.UEM.TOTL.NE.ZS,.."
"Togo,TGO,""Unemployment, total (% of total labor force) (modeled ILO estimate)"",SL.UEM.TOTL.ZS,1.948"
"Togo,TGO,""Unemployment, total (% of total labor force) (national estimate)"",SL.UEM.TOTL.NE.ZS,.."
"Tonga,TON,""Unemployment, total (% of total labor force) (modeled ILO estimate)"",SL.UEM.TOTL.ZS,2.262"
"Tonga,TON,""Unemployment, total (% of total labor force) (national estimate)"",SL.UEM.TOTL.NE.ZS,.."
"Trinidad and Tobago,TTO,""Unemployment, total (% of total labor force) (modeled ILO estimate)"",SL.UEM.TOTL.ZS,4.21"
"Trinidad and Tobago,TTO,""Unemployment, total (% of total labor force) (national estimate)"",SL.UEM.TOTL.NE.ZS,3.362"
"Tunisia,TUN,""Unemployment, total (% of total labor force) (modeled ILO estimate)"",SL.UEM.TOTL.ZS,15.106"
"Tunisia,TUN,""Unemployment, total (% of total labor force) (national estimate)"",SL.UEM.TOTL.NE.ZS,15.106"
"Turkiye,TUR,""Unemployment, total (% of total labor force) (modeled ILO estimate)"",SL.UEM.TOTL.ZS,9.388"
"Turkiye,TUR,""Unemployment, total (% of total labor force) (national estimate)"",SL.UEM.TOTL.NE.ZS,9.388"
"Turkmenistan,TKM,""Unemployment, total (% of total labor force) (modeled ILO estimate)"",SL.UEM.TOTL.ZS,4.099"
"Turkmenistan,TKM,""Unemployment, total (% of total labor force) (national estimate)"",SL.UEM.TOTL.NE.ZS,.."
"Turks and Caicos Islands,TCA,""Unemployment, total (% of total labor force) (modeled ILO estimate)"",SL.UEM.TOTL.ZS,.."
"Turks and Caicos Islands,TCA,""Unemployment, total (% of total labor force) (national estimate)"",SL.UEM.TOTL.NE.ZS,.."
"Tuvalu,TUV,""Unemployment, total (% of total labor force) (modeled ILO estimate)"",SL.UEM.TOTL.ZS,.."
"Tuvalu,TUV,""Unemployment, total (% of total labor force) (national estimate)"",SL.UEM.TOTL.NE.ZS,.."
"Uganda,UGA,""Unemployment, total (% of total labor force) (modeled ILO estimate)"",SL.UEM.TOTL.ZS,2.787"
"Uganda,UGA,""Unemployment, total (% of total labor force) (national estimate)"",SL.UEM.TOTL.NE.ZS,.."
"Ukraine,UKR,""Unemployment, total (% of total labor force) (modeled ILO estimate)"",SL.UEM.TOTL.ZS,.."
"Ukraine,UKR,""Unemployment, total (% of total labor force) (national estimate)"",SL.UEM.TOTL.NE.ZS,.."
"United Arab Emirates,ARE,""Unemployment, total (% of total labor force) (modeled ILO estimate)"",SL.UEM.TOTL.ZS,2.151"
"United Arab Emirates,ARE,""Unemployment, total (% of total labor force) (national estimate)"",SL.UEM.TOTL.NE.ZS,2.151"
"United Kingdom,GBR,""Unemployment, total (% of total labor force) (modeled ILO estimate)"",SL.UEM.TOTL.ZS,3.984"
"United Kingdom,GBR,""Unemployment, total (% of total labor force) (national estimate)"",SL.UEM.TOTL.NE.ZS,4.025"
"United States,USA,""Unemployment, total (% of total labor force) (modeled ILO estimate)"",SL.UEM.TOTL.ZS,3.638"
"United States,USA,""Unemployment, total (% of total labor force) (national estimate)"",SL.UEM.TOTL.NE.ZS,3.638"
"Uruguay,URY,""Unemployment, total (% of total labor force) (modeled ILO estimate)"",SL.UEM.TOTL.ZS,8.355"
"Uruguay,URY,""Unemployment, total (% of total labor force) (national estimate)"",SL.UEM.TOTL.NE.ZS,8.355"
"Uzbekistan,UZB,""Unemployment, total (% of total labor force) (modeled ILO estimate)"",SL.UEM.TOTL.ZS,4.46"
"Uzbekistan,UZB,""Unemployment, total (% of total labor force) (national estimate)"",SL.UEM.TOTL.NE.ZS,.."
"Vanuatu,VUT,""Unemployment, total (% of total labor force) (modeled ILO estimate)"",SL.UEM.TOTL.ZS,5.082"
"Vanuatu,VUT,""Unemployment, total (% of total labor force) (national estimate)"",SL.UEM.TOTL.NE.ZS,.."
"Venezuela, RB,VEN,""Unemployment, total (% of total labor force) (modeled ILO estimate)"",SL.UEM.TOTL.ZS,5.485"
"Venezuela, RB,VEN,""Unemployment, total (% of total labor force) (national estimate)"",SL.UEM.TOTL.NE.ZS,.."
"Viet Nam,VNM,""Unemployment, total (% of total labor force) (modeled ILO estimate)"",SL.UEM.TOTL.ZS,1.645"
"Viet Nam,VNM,""Unemployment, total (% of total labor force) (national estimate)"",SL.UEM.TOTL.NE.ZS,1.645"
"Virgin Islands (U.S.),VIR,""Unemployment, total (% of total labor force) (modeled ILO estimate)"",SL.UEM.TOTL.ZS,12.32"
"Virgin Islands (U.S.),VIR,""Unemployment, total (% of total labor force) (national estimate)"",SL.UEM.TOTL.NE.ZS,.."
"West Bank and Gaza,PSE,""Unemployment, total (% of total labor force) (modeled ILO estimate)"",SL.UEM.TOTL.ZS,.."
"West Bank and Gaza,PSE,""Unemployment, total (% of total labor force) (national estimate)"",SL.UEM.TOTL.NE.ZS,.."
"Yemen, Rep.,YEM,""Unemployment, total (% of total labor force) (modeled ILO estimate)"",SL.UEM.TOTL.ZS,17.091"
"Yemen, Rep.,YEM,""Unemployment, total (% of total labor force) (national estimate)"",SL.UEM.TOTL.NE.ZS,.."
"Zambia,ZMB,""Unemployment, total (% of total labor force) (modeled ILO estimate)"",SL.UEM.TOTL.ZS,5.905"
"Zambia,ZMB,""Unemployment, total (% of total labor force) (national estimate)"",SL.UEM.TOTL.NE.ZS,5.861"
"Zimbabwe,ZWE,""Unemployment, total (% of total labor force) (modeled ILO estimate)"",SL.UEM.TOTL.ZS,8.759"
"Zimbabwe,ZWE,""Unemployment, total (% of total labor force) (national estimate)"",SL.UEM.TOTL.NE.ZS,9.348"
"Africa Eastern and Southern,AFE,""Unemployment, total (% of total labor force) (modeled ILO estimate)"",SL.UEM.TOTL.ZS,7.80636542181197"
"Africa Eastern and Southern,AFE,""Unemployment, total (% of total labor force) (national estimate)"",SL.UEM.TOTL.NE.ZS,.."
"Africa Western and Central,AFW,""Unemployment, total (% of total labor force) (modeled ILO estimate)"",SL.UEM.TOTL.ZS,3.27724546605141"
"Africa Western and Central,AFW,""Unemployment, total (% of total labor force) (national estimate)"",SL.UEM.TOTL.NE.ZS,.."
"Arab World,ARB,""Unemployment, total (% of total labor force) (modeled ILO estimate)"",SL.UEM.TOTL.ZS,9.59035028813167"
"Arab World,ARB,""Unemployment, total (% of total labor force) (national estimate)"",SL.UEM.TOTL.NE.ZS,.."
"Caribbean small states,CSS,""Unemployment, total (% of total labor force) (modeled ILO estimate)"",SL.UEM.TOTL.ZS,9.68042872002248"
"Caribbean small states,CSS,""Unemployment, total (% of total labor force) (national estimate)"",SL.UEM.TOTL.NE.ZS,.."
"Central Europe and the Baltics,CEB,""Unemployment, total (% of total labor force) (modeled ILO estimate)"",SL.UEM.TOTL.ZS,4.01405105340076"
"Central Europe and the Baltics,CEB,""Unemployment, total (% of total labor force) (national estimate)"",SL.UEM.TOTL.NE.ZS,4.01484038583714"
"Early-demographic dividend,EAR,""Unemployment, total (% of total labor force) (modeled ILO estimate)"",SL.UEM.TOTL.ZS,5.2602661302477"
"Early-demographic dividend,EAR,""Unemployment, total (% of total labor force) (national estimate)"",SL.UEM.TOTL.NE.ZS,5.17835618086222"
"East Asia & Pacific,EAS,""Unemployment, total (% of total labor force) (modeled ILO estimate)"",SL.UEM.TOTL.ZS,3.85771244035512"
"East Asia & Pacific,EAS,""Unemployment, total (% of total labor force) (national estimate)"",SL.UEM.TOTL.NE.ZS,.."
"East Asia & Pacific (excluding high income),EAP,""Unemployment, total (% of total labor force) (modeled ILO estimate)"",SL.UEM.TOTL.ZS,3.97239658895814"
"East Asia & Pacific (excluding high income),EAP,""Unemployment, total (% of total labor force) (national estimate)"",SL.UEM.TOTL.NE.ZS,.."
"East Asia & Pacific (IDA & IBRD countries),TEA,""Unemployment, total (% of total labor force) (modeled ILO estimate)"",SL.UEM.TOTL.ZS,3.99023937769226"
"East Asia & Pacific (IDA & IBRD countries),TEA,""Unemployment, total (% of total labor force) (national estimate)"",SL.UEM.TOTL.NE.ZS,.."
"Euro area,EMU,""Unemployment, total (% of total labor force) (modeled ILO estimate)"",SL.UEM.TOTL.ZS,6.5646094180748"
"Euro area,EMU,""Unemployment, total (% of total labor force) (national estimate)"",SL.UEM.TOTL.NE.ZS,6.56231846699685"
"Europe & Central Asia,ECS,""Unemployment, total (% of total labor force) (modeled ILO estimate)"",SL.UEM.TOTL.ZS,5.58873341804014"
"Europe & Central Asia,ECS,""Unemployment, total (% of total labor force) (national estimate)"",SL.UEM.TOTL.NE.ZS,5.56992854863256"
"Europe & Central Asia (excluding high income),ECA,""Unemployment, total (% of total labor force) (modeled ILO estimate)"",SL.UEM.TOTL.ZS,7.33376867158914"
"Europe & Central Asia (excluding high income),ECA,""Unemployment, total (% of total labor force) (national estimate)"",SL.UEM.TOTL.NE.ZS,.."
"Europe & Central Asia (IDA & IBRD countries),TEC,""Unemployment, total (% of total labor force) (modeled ILO estimate)"",SL.UEM.TOTL.ZS,5.16074258293559"
"Europe & Central Asia (IDA & IBRD countries),TEC,""Unemployment, total (% of total labor force) (national estimate)"",SL.UEM.TOTL.NE.ZS,4.99278220101002"
"European Union,EUU,""Unemployment, total (% of total labor force) (modeled ILO estimate)"",SL.UEM.TOTL.ZS,6.02944529696582"
"European Union,EUU,""Unemployment, total (% of total labor force) (national estimate)"",SL.UEM.TOTL.NE.ZS,6.02780114319405"
"Fragile and conflict affected situations,FCS,""Unemployment, total (% of total labor force) (modeled ILO estimate)"",SL.UEM.TOTL.ZS,5.20087833966654"
"Fragile and conflict affected situations,FCS,""Unemployment, total (% of total labor force) (national estimate)"",SL.UEM.TOTL.NE.ZS,.."
"Heavily indebted poor countries (HIPC),HPC,""Unemployment, total (% of total labor force) (modeled ILO estimate)"",SL.UEM.TOTL.ZS,4.22661765181006"
"Heavily indebted poor countries (HIPC),HPC,""Unemployment, total (% of total labor force) (national estimate)"",SL.UEM.TOTL.NE.ZS,.."
"High income,HIC,""Unemployment, total (% of total labor force) (modeled ILO estimate)"",SL.UEM.TOTL.ZS,4.32742379174678"
"High income,HIC,""Unemployment, total (% of total labor force) (national estimate)"",SL.UEM.TOTL.NE.ZS,4.35977463623864"
"IBRD only,IBD,""Unemployment, total (% of total labor force) (modeled ILO estimate)"",SL.UEM.TOTL.ZS,5.16481549355938"
"IBRD only,IBD,""Unemployment, total (% of total labor force) (national estimate)"",SL.UEM.TOTL.NE.ZS,.."
"IDA & IBRD total,IBT,""Unemployment, total (% of total labor force) (modeled ILO estimate)"",SL.UEM.TOTL.ZS,5.03559497830807"
"IDA & IBRD total,IBT,""Unemployment, total (% of total labor force) (national estimate)"",SL.UEM.TOTL.NE.ZS,.."
"IDA blend,IDB,""Unemployment, total (% of total labor force) (modeled ILO estimate)"",SL.UEM.TOTL.ZS,4.51808369615567"
"IDA blend,IDB,""Unemployment, total (% of total labor force) (national estimate)"",SL.UEM.TOTL.NE.ZS,.."
"IDA only,IDX,""Unemployment, total (% of total labor force) (modeled ILO estimate)"",SL.UEM.TOTL.ZS,4.68393546436256"
"IDA only,IDX,""Unemployment, total (% of total labor force) (national estimate)"",SL.UEM.TOTL.NE.ZS,.."
"IDA total,IDA,""Unemployment, total (% of total labor force) (modeled ILO estimate)"",SL.UEM.TOTL.ZS,4.6258035699256"
"IDA total,IDA,""Unemployment, total (% of total labor force) (national estimate)"",SL.UEM.TOTL.NE.ZS,.."
"Late-demographic dividend,LTE,""Unemployment, total (% of total labor force) (modeled ILO estimate)"",SL.UEM.TOTL.ZS,4.80560627805011"
"Late-demographic dividend,LTE,""Unemployment, total (% of total labor force) (national estimate)"",SL.UEM.TOTL.NE.ZS,.."
"Latin America & Caribbean,LCN,""Unemployment, total (% of total labor force) (modeled ILO estimate)"",SL.UEM.TOTL.ZS,6.20743027327999"
"Latin America & Caribbean,LCN,""Unemployment, total (% of total labor force) (national estimate)"",SL.UEM.TOTL.NE.ZS,6.15985508925149"
"Latin America & Caribbean (excluding high income),LAC,""Unemployment, total (% of total labor force) (modeled ILO estimate)"",SL.UEM.TOTL.ZS,6.11953093081959"
"Latin America & Caribbean (excluding high income),LAC,""Unemployment, total (% of total labor force) (national estimate)"",SL.UEM.TOTL.NE.ZS,6.04310814337263"
"Latin America & the Caribbean (IDA & IBRD countries),TLA,""Unemployment, total (% of total labor force) (modeled ILO estimate)"",SL.UEM.TOTL.ZS,6.27705803055615"
"Latin America & the Caribbean (IDA & IBRD countries),TLA,""Unemployment, total (% of total labor force) (national estimate)"",SL.UEM.TOTL.NE.ZS,6.15784507025215"
"Least developed countries: UN classification,LDC,""Unemployment, total (% of total labor force) (modeled ILO estimate)"",SL.UEM.TOTL.ZS,4.94642314711997"
"Least developed countries: UN classification,LDC,""Unemployment, total (% of total labor force) (national estimate)"",SL.UEM.TOTL.NE.ZS,.."
"Low & middle income,LMY,""Unemployment, total (% of total labor force) (modeled ILO estimate)"",SL.UEM.TOTL.ZS,5.05976552198271"
"Low & middle income,LMY,""Unemployment, total (% of total labor force) (national estimate)"",SL.UEM.TOTL.NE.ZS,.."
"Low income,LIC,""Unemployment, total (% of total labor force) (modeled ILO estimate)"",SL.UEM.TOTL.ZS,4.9067296311379"
"Low income,LIC,""Unemployment, total (% of total labor force) (national estimate)"",SL.UEM.TOTL.NE.ZS,.."
"Lower middle income,LMC,""Unemployment, total (% of total labor force) (modeled ILO estimate)"",SL.UEM.TOTL.ZS,4.4022140714888"
"Lower middle income,LMC,""Unemployment, total (% of total labor force) (national estimate)"",SL.UEM.TOTL.NE.ZS,.."
"Middle East & North Africa,MEA,""Unemployment, total (% of total labor force) (modeled ILO estimate)"",SL.UEM.TOTL.ZS,9.12057231205856"
"Middle East & North Africa,MEA,""Unemployment, total (% of total labor force) (national estimate)"",SL.UEM.TOTL.NE.ZS,.."
"Middle East & North Africa (excluding high income),MNA,""Unemployment, total (% of total labor force) (modeled ILO estimate)"",SL.UEM.TOTL.ZS,10.8670875152924"
"Middle East & North Africa (excluding high income),MNA,""Unemployment, total (% of total labor force) (national estimate)"",SL.UEM.TOTL.NE.ZS,.."
"Middle East & North Africa (IDA & IBRD countries),TMN,""Unemployment, total (% of total labor force) (modeled ILO estimate)"",SL.UEM.TOTL.ZS,10.8670875152924"
"Middle East & North Africa (IDA & IBRD countries),TMN,""Unemployment, total (% of total labor force) (national estimate)"",SL.UEM.TOTL.NE.ZS,.."
"Middle income,MIC,""Unemployment, total (% of total labor force) (modeled ILO estimate)"",SL.UEM.TOTL.ZS,5.07451236816572"
"Middle income,MIC,""Unemployment, total (% of total labor force) (national estimate)"",SL.UEM.TOTL.NE.ZS,.."
"North America,NAC,""Unemployment, total (% of total labor force) (modeled ILO estimate)"",SL.UEM.TOTL.ZS,3.84181538522376"
"North America,NAC,""Unemployment, total (% of total labor force) (national estimate)"",SL.UEM.TOTL.NE.ZS,3.84181538522376"
"Not classified,INX,""Unemployment, total (% of total labor force) (modeled ILO estimate)"",SL.UEM.TOTL.ZS,.."
"Not classified,INX,""Unemployment, total (% of total labor force) (national estimate)"",SL.UEM.TOTL.NE.ZS,.."
"OECD members,OED,""Unemployment, total (% of total labor force) (modeled ILO estimate)"",SL.UEM.TOTL.ZS,4.82832486149895"
"OECD members,OED,""Unemployment, total (% of total labor force) (national estimate)"",SL.UEM.TOTL.NE.ZS,4.82898156053658"
"Other small states,OSS,""Unemployment, total (% of total labor force) (modeled ILO estimate)"",SL.UEM.TOTL.ZS,7.41013147956156"
"Other small states,OSS,""Unemployment, total (% of total labor force) (national estimate)"",SL.UEM.TOTL.NE.ZS,.."
"Pacific island small states,PSS,""Unemployment, total (% of total labor force) (modeled ILO estimate)"",SL.UEM.TOTL.ZS,3.18108550777285"
"Pacific island small states,PSS,""Unemployment, total (% of total labor force) (national estimate)"",SL.UEM.TOTL.NE.ZS,.."
"Post-demographic dividend,PST,""Unemployment, total (% of total labor force) (modeled ILO estimate)"",SL.UEM.TOTL.ZS,4.46875629524005"
"Post-demographic dividend,PST,""Unemployment, total (% of total labor force) (national estimate)"",SL.UEM.TOTL.NE.ZS,4.49598413009182"
"Pre-demographic dividend,PRE,""Unemployment, total (% of total labor force) (modeled ILO estimate)"",SL.UEM.TOTL.ZS,4.7006079328224"
"Pre-demographic dividend,PRE,""Unemployment, total (% of total labor force) (national estimate)"",SL.UEM.TOTL.NE.ZS,.."
"Small states,SST,""Unemployment, total (% of total labor force) (modeled ILO estimate)"",SL.UEM.TOTL.ZS,7.24829729410405"
"Small states,SST,""Unemployment, total (% of total labor force) (national estimate)"",SL.UEM.TOTL.NE.ZS,.."
"South Asia,SAS,""Unemployment, total (% of total labor force) (modeled ILO estimate)"",SL.UEM.TOTL.ZS,4.53316078699426"
"South Asia,SAS,""Unemployment, total (% of total labor force) (national estimate)"",SL.UEM.TOTL.NE.ZS,4.17128758281397"
"South Asia (IDA & IBRD),TSA,""Unemployment, total (% of total labor force) (modeled ILO estimate)"",SL.UEM.TOTL.ZS,4.53316078699426"
"South Asia (IDA & IBRD),TSA,""Unemployment, total (% of total labor force) (national estimate)"",SL.UEM.TOTL.NE.ZS,4.17128758281397"
"Sub-Saharan Africa,SSF,""Unemployment, total (% of total labor force) (modeled ILO estimate)"",SL.UEM.TOTL.ZS,5.88775361694401"
"Sub-Saharan Africa,SSF,""Unemployment, total (% of total labor force) (national estimate)"",SL.UEM.TOTL.NE.ZS,.."
"Sub-Saharan Africa (excluding high income),SSA,""Unemployment, total (% of total labor force) (modeled ILO estimate)"",SL.UEM.TOTL.ZS,5.88775361694401"
"Sub-Saharan Africa (excluding high income),SSA,""Unemployment, total (% of total labor force) (national estimate)"",SL.UEM.TOTL.NE.ZS,.."
"Sub-Saharan Africa (IDA & IBRD countries),TSS,""Unemployment, total (% of total labor force) (modeled ILO estimate)"",SL.UEM.TOTL.ZS,5.88775361694401"
"Sub-Saharan Africa (IDA & IBRD countries),TSS,""Unemployment, total (% of total labor force) (national estimate)"",SL.UEM.TOTL.NE.ZS,.."
"Upper middle income,UMC,""Unemployment, total (% of total labor force) (modeled ILO estimate)"",SL.UEM.TOTL.ZS,5.67666999727191"
"Upper middle income,UMC,""Unemployment, total (% of total labor force) (national estimate)"",SL.UEM.TOTL.NE.ZS,.."
"World,WLD,""Unemployment, total (% of total labor force) (modeled ILO estimate)"",SL.UEM.TOTL.ZS,4.91657221632923"
"World,WLD,""Unemployment, total (% of total labor force) (national estimate)"",SL.UEM.TOTL.NE.ZS,.."
,,,,
,,,,
,,,,
